{
    "shape":[
        10,
        10
    ],
    "missing_values":{
        "OrderID":0,
        "Date":0,
        "Customer":0,
        "Region":0,
        "Product":0,
        "Category":0,
        "Quantity":0,
        "UnitPrice":0,
        "Total":0,
        "Discount":0
    },
    "columns":[
        "OrderID",
        "Date",
        "Customer",
        "Region",
        "Product",
        "Category",
        "Quantity",
        "UnitPrice",
        "Total",
        "Discount"
    ],
    "summary_stats":{
        "OrderID":{
            "count":10.0,
            "mean":1005.5,
            "std":3.0276503541,
            "min":1001.0,
            "25%":1003.25,
            "50%":1005.5,
            "75%":1007.75,
            "max":1010.0
        },
        "Quantity":{
            "count":10.0,
            "mean":4.4,
            "std":2.8751811537,
            "min":1.0,
            "25%":2.25,
            "50%":3.5,
            "75%":5.75,
            "max":10.0
        },
        "UnitPrice":{
            "count":10.0,
            "mean":13.24,
            "std":10.3998076905,
            "min":1.2,
            "25%":3.5,
            "50%":15.0,
            "75%":19.5,
            "max":30.0
        },
        "Total":{
            "count":10.0,
            "mean":34.37,
            "std":18.3003369732,
            "min":7.2,
            "25%":20.125,
            "50%":35.0,
            "75%":48.75,
            "max":60.0
        },
        "Discount":{
            "count":10.0,
            "mean":0.065,
            "std":0.0709068246,
            "min":0.0,
            "25%":0.0,
            "50%":0.05,
            "75%":0.1,
            "max":0.2
        }
    }
}